-- MySQL Script generated by MySQL Workbench
-- ven 16 feb 2024, 12:04:28
-- Model: New Model    Version: 1.0
-- MySQL Workbench Forward Engineering

SET @OLD_UNIQUE_CHECKS=@@UNIQUE_CHECKS, UNIQUE_CHECKS=0;
SET @OLD_FOREIGN_KEY_CHECKS=@@FOREIGN_KEY_CHECKS, FOREIGN_KEY_CHECKS=0;
SET @OLD_SQL_MODE=@@SQL_MODE, SQL_MODE='ONLY_FULL_GROUP_BY,STRICT_TRANS_TABLES,NO_ZERO_IN_DATE,NO_ZERO_DATE,ERROR_FOR_DIVISION_BY_ZERO,NO_ENGINE_SUBSTITUTION';

-- -----------------------------------------------------
-- Schema mydb
-- -----------------------------------------------------

CREATE USER 'jsk'@'%' IDENTIFIED BY 'jsk';

GRANT ALL PRIVILEGES ON *.* TO 'jsk'@'%' WITH GRANT OPTION;

FLUSH PRIVILEGES;


DROP DATABASE IF EXISTS `mydb` ;


-- -----------------------------------------------------
-- Schema mydb
-- -----------------------------------------------------
CREATE DATABASE IF NOT EXISTS `mydb` DEFAULT CHARACTER SET utf8 ;
USE `mydb` ;

-- -----------------------------------------------------
-- Table `mydb`.`Utente`
-- -----------------------------------------------------
DROP TABLE IF EXISTS `mydb`.`Utente` ;

CREATE TABLE IF NOT EXISTS `mydb`.`Utente` (
  `id_utente` INT NOT NULL AUTO_INCREMENT,
  `email` VARCHAR(45) NOT NULL,
  `password` VARCHAR(45) NOT NULL,
  `Credito` FLOAT NOT NULL, -- credito iniziale da aggiungere ( facciamo 10)
  `privilegi` BOOLEAN NOT NULL, 
  `create_time` TIMESTAMP NULL DEFAULT CURRENT_TIMESTAMP,
  PRIMARY KEY (`id_utente`))
COMMENT = 'Tabella dove saranno inseriti tutti i valori degli utenti del sistema';


-- -----------------------------------------------------
-- Table `mydb`.`Grafo`
-- -----------------------------------------------------
DROP TABLE IF EXISTS `mydb`.`Grafo` ;

CREATE TABLE IF NOT EXISTS `mydb`.`Grafo` (
  `id_grafo` INT NOT NULL AUTO_INCREMENT,
  `id_utente` INT NOT NULL,
  `nome_grafo` VARCHAR(45) NOT NULL,
  `costo` FLOAT NOT NULL,
  PRIMARY KEY (`id_grafo`),
  INDEX `id_utente_idx` (`id_utente` ASC) VISIBLE,
  CONSTRAINT `grafo_utente`
    FOREIGN KEY (`id_utente`)
    REFERENCES `mydb`.`Utente` (`id_utente`)
    ON DELETE NO ACTION
    ON UPDATE NO ACTION)
ENGINE = InnoDB
COMMENT = 'Tabella che rappresenta il grafo 		';


-- -----------------------------------------------------
-- Table `mydb`.`Nodi`
-- -----------------------------------------------------
DROP TABLE IF EXISTS `mydb`.`Nodi` ;

CREATE TABLE IF NOT EXISTS `mydb`.`Nodi` (
  `id_nodi` INT NOT NULL AUTO_INCREMENT,
  `id_grafo` INT NOT NULL,
  `nodo_nome` VARCHAR(45) NOT NULL,
  PRIMARY KEY (`id_nodi`),
  INDEX `id_grafo_idx` (`id_grafo` ASC) VISIBLE,
  CONSTRAINT `nodi_grafo`
    FOREIGN KEY (`id_grafo`)
    REFERENCES `mydb`.`Grafo` (`id_grafo`)
    ON DELETE NO ACTION
    ON UPDATE NO ACTION)
ENGINE = InnoDB
COMMENT = 'Tabella che rappresenta i nodi del grafo \n';


-- -----------------------------------------------------
-- Table `mydb`.`Archi`
-- -----------------------------------------------------
DROP TABLE IF EXISTS `mydb`.`Archi` ;

CREATE TABLE IF NOT EXISTS `mydb`.`Archi` (
  `id_archi` INT NOT NULL AUTO_INCREMENT,
  `id_grafo` INT NULL,
  `id_nodo_partenza` INT NOT NULL,
  `id_nodo_arrivo` INT NOT NULL,
  `peso` FLOAT NOT NULL,
  PRIMARY KEY (`id_archi`),
  INDEX `id_grafo_idx` (`id_grafo` ASC) VISIBLE,
  INDEX `id_nodo_partenza_idx` (`id_nodo_partenza` ASC) VISIBLE,
  INDEX `id_nodo_arrivo_idx` (`id_nodo_arrivo` ASC) VISIBLE,
  CONSTRAINT `archi_grafo`
    FOREIGN KEY (`id_grafo`)
    REFERENCES `mydb`.`Grafo` (`id_grafo`)
    ON DELETE NO ACTION
    ON UPDATE NO ACTION,
  CONSTRAINT `fk_nodo_partenza_fk`
    FOREIGN KEY (`id_nodo_partenza`)
    REFERENCES `mydb`.`Nodi` (`id_nodi`)
    ON DELETE NO ACTION
    ON UPDATE NO ACTION,
  CONSTRAINT `fk_nodo_arrivo_fk`
    FOREIGN KEY (`id_nodo_arrivo`)
    REFERENCES `mydb`.`Nodi` (`id_nodi`)
    ON DELETE NO ACTION
    ON UPDATE NO ACTION)
ENGINE = InnoDB
COMMENT = 'Tabella che memorizza informazioni sugli archi ';


-- -----------------------------------------------------
-- Table `mydb`.`Richieste`
-- -----------------------------------------------------
DROP TABLE IF EXISTS `mydb`.`Richieste` ;

CREATE TABLE IF NOT EXISTS `mydb`.`Richieste` (
  `id_richieste` INT NOT NULL AUTO_INCREMENT,
  `id_utente_request` INT NOT NULL,
  `id_utente_response` INT NOT NULL,
  `id_grafo` INT NOT NULL,
  `descrizione` VARCHAR(255) NOT NULL, 
  `modifiche` JSON NOT NULL,
  `stato_richiesta` VARCHAR(20) NOT NULL DEFAULT 'pending',
  `update_date` DATE NOT NULL DEFAULT (CURDATE()),
  PRIMARY KEY (`id_richieste`),
  INDEX `id_utente_request_idx` (`id_utente_request` ASC) VISIBLE,
  INDEX `id_utente_response_idx` (`id_utente_response` ASC) VISIBLE,
  INDEX `id_grafo_idx` (`id_grafo` ASC) VISIBLE,
  CONSTRAINT `richieste_utente_request`
    FOREIGN KEY (`id_utente_request`)
    REFERENCES `mydb`.`Utente` (`id_utente`)
    ON DELETE NO ACTION
    ON UPDATE NO ACTION,
  CONSTRAINT `richieste_utente_response`
    FOREIGN KEY (`id_utente_response`)
    REFERENCES `mydb`.`Utente` (`id_utente`)
    ON DELETE NO ACTION
    ON UPDATE NO ACTION,
  CONSTRAINT `richieste_grafo`
    FOREIGN KEY (`id_grafo`)
    REFERENCES `mydb`.`Grafo` (`id_grafo`)
    ON DELETE NO ACTION
    ON UPDATE NO ACTION)
ENGINE = InnoDB
COMMENT = 'Tabella che memorizza le richieste fatte sui grafi';


-- -----------------------------------------------------
-- Table `mydb`.`Simulazione`
-- -----------------------------------------------------
DROP TABLE IF EXISTS `mydb`.`Simulazione` ;

CREATE TABLE IF NOT EXISTS `mydb`.`Simulazione` (
  `id_simulazione` INT NOT NULL AUTO_INCREMENT,
  `id_grafo` INT NOT NULL,
  `id_utente` INT NOT NULL,
  `start_peso` FLOAT NOT NULL,
  `stop_peso` FLOAT NOT NULL,
  `step` FLOAT NOT NULL,
  `costo` FLOAT NOT NULL,
  `timestamp` TIMESTAMP NOT NULL DEFAULT CURRENT_TIMESTAMP,
  PRIMARY KEY (`id_simulazione`),
  INDEX `id_grafo_idx` (`id_grafo` ASC) VISIBLE,
  INDEX `id_utente_idx` (`id_utente` ASC) VISIBLE,
  CONSTRAINT `simulazione_grafo`
    FOREIGN KEY (`id_grafo`)
    REFERENCES `mydb`.`Grafo` (`id_grafo`)
    ON DELETE NO ACTION
    ON UPDATE NO ACTION,
  CONSTRAINT `simulazione_utente`
    FOREIGN KEY (`id_utente`)
    REFERENCES `mydb`.`Utente` (`id_utente`)
    ON DELETE NO ACTION
    ON UPDATE NO ACTION)
ENGINE = InnoDB
COMMENT = 'Tabella per la gestione delle simulazioni ';

-- -----------------------------------------------------
-- Inserimento valori Utente 
-- -----------------------------------------------------

INSERT INTO `Utente` VALUES (1,'giuseppe@giuseppe.com','giuseppe',24.48,1,'2024-02-26 16:34:17'),(2,'andrea@andrea.com','andrea',100,1,'2024-02-27 07:30:14'),(3,'dani@dani.com','dani',204.66,0,'2024-02-27 14:23:02');

-- ----------------------------------------------------
-- Inserimento valori Grafo 
-- ----------------------------------------------------

INSERT INTO `Grafo` VALUES (1,3,'grafo dani 6',0.48);
INSERT INTO `Grafo` VALUES (2, 1, 'grafo demo 1', 1.12);
INSERT INTO `Grafo` VALUES (3, 2, 'grafo demo 2', 1.68);

-- ----------------------------------------------------
-- Inserimento valori Nodi 
-- ----------------------------------------------------

INSERT INTO `Nodi` VALUES (1,1,'Naruto'),(2,1,'Sasuke'),(3,1,'Kisame'),(4,1,'Itachi'); 
INSERT INTO `Nodi`  VALUES (5, 2, '1'), (6, 2, '2'), (7, 2, '3'),(8, 2, '6'), (9, 2, '4'), (10, 2, '7'), (11, 2, '5'), (12, 2, '8');
INSERT INTO `Nodi` 
VALUES 
(13, 3, 'A'),
(14, 3, 'B'),
(15, 3, 'K'),
(16, 3, 'C'),
(17, 3, 'D'),
(18, 3, 'E'),
(19, 3, 'H'),
(20, 3, 'G'),
(21, 3, 'L'),
(22, 3, 'I'),
(23, 3, 'F'),
(24, 3, 'J');


-- ----------------------------------------------------
-- Inserimento valori Archi 
-- ----------------------------------------------------

INSERT INTO `Archi` VALUES (1,1,1,2,44.0288),(2,1,1,3,1),(3,1,3,4,1),(4,1,4,2,1);

INSERT INTO `Archi` VALUES (5, 2, 5, 6, 1), (6, 2, 5, 7, 3),(7, 2, 5, 8, 11), (8, 2, 6, 8, 2), (9, 2, 6, 9, 5), (10, 2, 7, 8, 1), (11, 2, 7, 10, 1), (12, 2, 7, 11, 7), (13, 2, 8, 9, 5),(14, 2, 8, 10, 1), (15, 2, 8, 11, 5), (16, 2, 10, 9, 3), (17, 2, 10, 11, 3),(18, 2, 10, 12, 2), (19, 2, 9, 12, 7), (20, 2, 11, 12, 2);

INSERT INTO `Archi` VALUES 
(21, 3, 13, 14, 4),
(22, 3, 13, 15, 18),
(23, 3, 13, 16, 1),
(24, 3, 14, 17, 9),
(25, 3, 14, 18, 7),
(26, 3, 14, 15, 7),
(27, 3, 16, 15, 3),
(28, 3, 16, 19, 5),
(29, 3, 16, 20, 4),
(30, 3, 15, 18, 15),
(31, 3, 15, 21, 16),
(32, 3, 15, 19, 12),
(33, 3, 19, 20, 1),
(34, 3, 19, 22, 8),
(35, 3, 20, 22, 7),
(36, 3, 17, 18, 1),
(37, 3, 17, 23, 6),
(38, 3, 18, 23, 3),
(39, 3, 18, 21, 3),
(40, 3, 23, 21, 5),
(41, 3, 23, 24, 4),
(42, 3, 21, 24, 4),
(43, 3, 21, 22, 9),
(44, 3, 22, 24, 6);



SET SQL_MODE = '';

SET SQL_MODE='ONLY_FULL_GROUP_BY,STRICT_TRANS_TABLES,NO_ZERO_IN_DATE,NO_ZERO_DATE,ERROR_FOR_DIVISION_BY_ZERO,NO_ENGINE_SUBSTITUTION';
SET SQL_MODE=@OLD_SQL_MODE;
SET FOREIGN_KEY_CHECKS=@OLD_FOREIGN_KEY_CHECKS;
SET UNIQUE_CHECKS=@OLD_UNIQUE_CHECKS;